identificador,nombre,apellidos,email
1,Lucas Ezequiel,Andrés Griego,lucas.and95@gmail.com
2,María Elena,Sánchez Romero,maria.sanchez82@example.com
3,Daniel Alejandro,López Martín,daniel.lopez47@example.com
4,Carla Sofía,Navarro Pérez,carla.navarro31@example.com
5,Adrián Manuel,Torres García,adrian.torres64@example.com
6,Lucía Isabel,Moreno Castillo,lucia.moreno28@example.com
7,Javier Antonio,Ruiz Delgado,javier.ruiz53@example.com
8,Paula Cristina,Vega Santos,paula.vega76@example.com
9,Sergio Nicolás,Ortega Ramos,sergio.ortega19@example.com
10,Andrea Belén,Castro Molina,andrea.castro42@example.com